time (s),arc1,arc2,arc3,arc4,arc5,arc6,ramp
0.0,1,0,0,0,0,0,0.5
2.7,1,1,0,0,0,0,0.5
5.3,1,1,1,0,0,0,0.5
8.0,1,1,1,1,0,0,0.5
10.7,1,1,1,1,1,0,0.5
13.3,1,1,1,1,1,1,0.5
16.0,0,1,1,1,1,1,0.5
18.7,0,0,1,1,1,1,0.5
21.3,0,0,0,1,1,1,0.5
24.0,0,0,0,0,1,1,0.5
26.7,0,0,0,0,0,1,0.5
29.3,1,0,1,0,0,1,0.5
32.0,0,1,0,1,0,1,0.5
34.7,0,0,1,0,1,1,0.5
37.3,1,0,0,1,0,1,0.5
40.0,0,1,0,0,1,1,0.5
42.7,0,0,1,1,0,1,0.5
45.3,1,0,0,0,1,1,0.5
48.0,0,1,1,0,0,1,0.5
50.7,0,0,0,1,1,1,0.5
53.3,1,1,0,0,0,1,0.5
56.0,0,0,0,1,1,0,0.5
58.7,0,1,1,0,0,0,0.5
61.3,1,0,0,0,1,0,0.5
64.0,0,0,1,1,0,0,0.5
66.7,0,1,0,0,1,0,0.5
69.3,1,0,0,1,0,0,0.5
72.0,0,0,1,0,1,0,0.5
74.7,0,1,0,1,0,0,0.5
77.3,1,0,1,0,0,0,0.5
80.0,1,0,0,0,0,0,0.5
82.7,1,1,0,0,0,0,0.5
85.3,1,1,1,0,0,0,0.5
88.0,1,1,1,1,0,0,0.5
90.7,1,1,1,1,1,0,0.5
93.3,1,1,1,1,1,1,0.5
96.0,0,1,1,1,1,1,0.5
98.7,0,0,1,1,1,1,0.5
101.3,0,0,0,1,1,1,0.5
104.0,0,0,0,0,1,1,0.5
106.7,0,0,0,0,0,1,0.5
109.3,1,0,1,0,0,1,0.5
112.0,0,1,0,1,0,1,0.5
114.7,0,0,1,0,1,1,0.5
117.3,1,0,0,1,0,1,0.5
120.0,0,1,0,0,1,1,0.5
122.7,0,0,1,1,0,1,0.5
125.3,1,0,0,0,1,1,0.5
128.0,0,1,1,0,0,1,0.5
130.7,0,0,0,1,1,1,0.5
133.3,1,1,0,0,0,1,0.5
136.0,0,0,0,1,1,0,0.5
138.7,0,1,1,0,0,0,0.5
141.3,1,0,0,0,1,0,0.5
144.0,0,0,1,1,0,0,0.5
146.7,0,1,0,0,1,0,0.5
149.3,1,0,0,1,0,0,0.5
152.0,0,0,1,0,1,0,0.5
154.7,0,1,0,1,0,0,0.5
157.3,1,0,1,0,0,0,0.5
160.0,1,0,0,0,0,0,0.5
162.7,1,1,0,0,0,0,0.5
165.3,1,1,1,0,0,0,0.5
168.0,1,1,1,1,0,0,0.5
170.7,1,1,1,1,1,0,0.5
173.3,1,1,1,1,1,1,0.5
176.0,0,1,1,1,1,1,0.5
178.7,0,0,1,1,1,1,0.5
181.3,0,0,0,1,1,1,0.5
184.0,0,0,0,0,1,1,0.5
186.7,0,0,0,0,0,1,0.5
189.3,1,0,1,0,0,1,0.5
192.0,0,1,0,1,0,1,0.5
194.7,0,0,1,0,1,1,0.5
197.3,1,0,0,1,0,1,0.5
200.0,0,1,0,0,1,1,0.5
202.7,0,0,1,1,0,1,0.5
205.3,1,0,0,0,1,1,0.5
208.0,0,1,1,0,0,1,0.5
210.7,0,0,0,1,1,1,0.5
213.3,1,1,0,0,0,1,0.5
216.0,0,0,0,1,1,0,0.5
218.7,0,1,1,0,0,0,0.5
221.3,1,0,0,0,1,0,0.5
224.0,0,0,1,1,0,0,0.5
226.7,0,1,0,0,1,0,0.5
229.3,1,0,0,1,0,0,0.5
232.0,0,0,1,0,1,0,0.5
234.7,0,1,0,1,0,0,0.5
237.3,1,0,1,0,0,0,0.5
240.0,1,0,0,0,0,0,0.5
242.7,1,1,0,0,0,0,0.5
245.3,1,1,1,0,0,0,0.5
248.0,1,1,1,1,0,0,0.5
250.7,1,1,1,1,1,0,0.5
253.3,1,1,1,1,1,1,0.5
256.0,0,1,1,1,1,1,0.5
258.7,0,0,1,1,1,1,0.5
261.3,0,0,0,1,1,1,0.5
264.0,0,0,0,0,1,1,0.5
266.7,0,0,0,0,0,1,0.5
269.3,1,0,1,0,0,1,0.5
272.0,0,1,0,1,0,1,0.5
274.7,0,0,1,0,1,1,0.5
277.3,1,0,0,1,0,1,0.5
280.0,0,1,0,0,1,1,0.5
282.7,0,0,1,1,0,1,0.5
285.3,1,0,0,0,1,1,0.5
288.0,0,1,1,0,0,1,0.5
290.7,0,0,0,1,1,1,0.5
293.3,1,1,0,0,0,1,0.5
296.0,0,0,0,1,1,0,0.5
298.7,0,1,1,0,0,0,0.5
301.3,1,0,0,0,1,0,0.5
304.0,0,0,1,1,0,0,0.5
306.7,0,1,0,0,1,0,0.5
309.3,1,0,0,1,0,0,0.5
312.0,0,0,1,0,1,0,0.5
314.7,0,1,0,1,0,0,0.5
317.3,1,0,1,0,0,0,0.5
320.0,1,0,0,0,0,0,0.5
322.7,1,1,0,0,0,0,0.5
325.3,1,1,1,0,0,0,0.5
328.0,1,1,1,1,0,0,0.5
330.7,1,1,1,1,1,0,0.5
333.3,1,1,1,1,1,1,0.5
336.0,0,1,1,1,1,1,0.5
338.7,0,0,1,1,1,1,0.5
341.3,0,0,0,1,1,1,0.5
344.0,0,0,0,0,1,1,0.5
346.7,0,0,0,0,0,1,0.5
349.3,1,0,1,0,0,1,0.5
352.0,0,1,0,1,0,1,0.5
354.7,0,0,1,0,1,1,0.5
357.3,1,0,0,1,0,1,0.5
360.0,0,1,0,0,1,1,0.5
362.7,0,0,1,1,0,1,0.5
365.3,1,0,0,0,1,1,0.5
368.0,0,1,1,0,0,1,0.5
370.7,0,0,0,1,1,1,0.5
373.3,1,1,0,0,0,1,0.5
376.0,0,0,0,1,1,0,0.5
378.7,0,1,1,0,0,0,0.5
381.3,1,0,0,0,1,0,0.5
384.0,0,0,1,1,0,0,0.5
386.7,0,1,0,0,1,0,0.5
389.3,1,0,0,1,0,0,0.5
392.0,0,0,1,0,1,0,0.5
394.7,0,1,0,1,0,0,0.5
397.3,1,0,1,0,0,0,0.5
400.0,1,0,0,0,0,0,0.5
402.7,1,1,0,0,0,0,0.5
405.3,1,1,1,0,0,0,0.5
408.0,1,1,1,1,0,0,0.5
410.7,1,1,1,1,1,0,0.5
413.3,1,1,1,1,1,1,0.5
416.0,0,1,1,1,1,1,0.5
418.7,0,0,1,1,1,1,0.5
421.3,0,0,0,1,1,1,0.5
424.0,0,0,0,0,1,1,0.5
426.7,0,0,0,0,0,1,0.5
429.3,1,0,1,0,0,1,0.5
432.0,0,1,0,1,0,1,0.5
434.7,0,0,1,0,1,1,0.5
437.3,1,0,0,1,0,1,0.5
440.0,0,1,0,0,1,1,0.5
442.7,0,0,1,1,0,1,0.5
445.3,1,0,0,0,1,1,0.5
448.0,0,1,1,0,0,1,0.5
450.7,0,0,0,1,1,1,0.5
453.3,1,1,0,0,0,1,0.5
456.0,0,0,0,1,1,0,0.5
458.7,0,1,1,0,0,0,0.5
461.3,1,0,0,0,1,0,0.5
464.0,0,0,1,1,0,0,0.5
466.7,0,1,0,0,1,0,0.5
469.3,1,0,0,1,0,0,0.5
472.0,0,0,1,0,1,0,0.5
474.7,0,1,0,1,0,0,0.5
477.3,1,0,1,0,0,0,0.5
480.0,1,0,0,0,0,0,0.5
482.7,1,1,0,0,0,0,0.5
485.3,1,1,1,0,0,0,0.5
488.0,1,1,1,1,0,0,0.5
490.7,1,1,1,1,1,0,0.5
493.3,1,1,1,1,1,1,0.5
496.0,0,1,1,1,1,1,0.5
498.7,0,0,1,1,1,1,0.5
501.3,0,0,0,1,1,1,0.5
504.0,0,0,0,0,1,1,0.5
506.7,0,0,0,0,0,1,0.5
509.3,1,0,1,0,0,1,0.5
512.0,0,1,0,1,0,1,0.5
514.7,0,0,1,0,1,1,0.5
517.3,1,0,0,1,0,1,0.5
520.0,0,1,0,0,1,1,0.5
522.7,0,0,1,1,0,1,0.5
525.3,1,0,0,0,1,1,0.5
528.0,0,1,1,0,0,1,0.5
530.7,0,0,0,1,1,1,0.5
533.3,1,1,0,0,0,1,0.5
536.0,0,0,0,1,1,0,0.5
538.7,0,1,1,0,0,0,0.5
541.3,1,0,0,0,1,0,0.5
544.0,0,0,1,1,0,0,0.5
546.7,0,1,0,0,1,0,0.5
549.3,1,0,0,1,0,0,0.5
552.0,0,0,1,0,1,0,0.5
554.7,0,1,0,1,0,0,0.5
557.3,1,0,1,0,0,0,0.5
560.0,1,0,0,0,0,0,0.5
562.7,1,1,0,0,0,0,0.5
565.3,1,1,1,0,0,0,0.5
568.0,1,1,1,1,0,0,0.5
570.7,1,1,1,1,1,0,0.5
573.3,1,1,1,1,1,1,0.5
576.0,0,1,1,1,1,1,0.5
578.7,0,0,1,1,1,1,0.5
581.3,0,0,0,1,1,1,0.5
584.0,0,0,0,0,1,1,0.5
586.7,0,0,0,0,0,1,0.5
589.3,1,0,1,0,0,1,0.5
592.0,0,1,0,1,0,1,0.5
594.7,0,0,1,0,1,1,0.5
597.3,1,0,0,1,0,1,0.5
600.0,0,1,0,0,1,1,0.5
602.7,0,0,1,1,0,1,0.5
605.3,1,0,0,0,1,1,0.5
608.0,0,1,1,0,0,1,0.5
610.7,0,0,0,1,1,1,0.5
613.3,1,1,0,0,0,1,0.5
616.0,0,0,0,1,1,0,0.5
618.7,0,1,1,0,0,0,0.5
621.3,1,0,0,0,1,0,0.5
624.0,0,0,1,1,0,0,0.5
626.7,0,1,0,0,1,0,0.5
629.3,1,0,0,1,0,0,0.5
632.0,0,0,1,0,1,0,0.5
634.7,0,1,0,1,0,0,0.5
637.3,1,0,1,0,0,0,0.5
640.0,1,0,0,0,0,0,0.5
642.7,1,1,0,0,0,0,0.5
645.3,1,1,1,0,0,0,0.5
648.0,1,1,1,1,0,0,0.5
650.7,1,1,1,1,1,0,0.5
653.3,1,1,1,1,1,1,0.5
656.0,0,1,1,1,1,1,0.5
658.7,0,0,1,1,1,1,0.5
661.3,0,0,0,1,1,1,0.5
664.0,0,0,0,0,1,1,0.5
666.7,0,0,0,0,0,1,0.5
669.3,1,0,1,0,0,1,0.5
672.0,0,1,0,1,0,1,0.5
674.7,0,0,1,0,1,1,0.5
677.3,1,0,0,1,0,1,0.5
680.0,0,1,0,0,1,1,0.5
682.7,0,0,1,1,0,1,0.5
685.3,1,0,0,0,1,1,0.5
688.0,0,1,1,0,0,1,0.5
690.7,0,0,0,1,1,1,0.5
693.3,1,1,0,0,0,1,0.5
696.0,0,0,0,1,1,0,0.5
698.7,0,1,1,0,0,0,0.5
701.3,1,0,0,0,1,0,0.5
704.0,0,0,1,1,0,0,0.5
706.7,0,1,0,0,1,0,0.5
709.3,1,0,0,1,0,0,0.5
712.0,0,0,1,0,1,0,0.5
714.7,0,1,0,1,0,0,0.5
717.3,1,0,1,0,0,0,0.5
720.0,1,0,0,0,0,0,0.5
722.7,1,1,0,0,0,0,0.5
725.3,1,1,1,0,0,0,0.5
728.0,1,1,1,1,0,0,0.5
730.7,1,1,1,1,1,0,0.5
733.3,1,1,1,1,1,1,0.5
736.0,0,1,1,1,1,1,0.5
738.7,0,0,1,1,1,1,0.5
741.3,0,0,0,1,1,1,0.5
744.0,0,0,0,0,1,1,0.5
746.7,0,0,0,0,0,1,0.5
749.3,1,0,1,0,0,1,0.5
752.0,0,1,0,1,0,1,0.5
754.7,0,0,1,0,1,1,0.5
757.3,1,0,0,1,0,1,0.5
760.0,0,1,0,0,1,1,0.5
762.7,0,0,1,1,0,1,0.5
765.3,1,0,0,0,1,1,0.5
768.0,0,1,1,0,0,1,0.5
770.7,0,0,0,1,1,1,0.5
773.3,1,1,0,0,0,1,0.5
776.0,0,0,0,1,1,0,0.5
778.7,0,1,1,0,0,0,0.5
781.3,1,0,0,0,1,0,0.5
784.0,0,0,1,1,0,0,0.5
786.7,0,1,0,0,1,0,0.5
789.3,1,0,0,1,0,0,0.5
792.0,0,0,1,0,1,0,0.5
794.7,0,1,0,1,0,0,0.5
797.3,1,0,1,0,0,0,0.5
800.0,1,0,0,0,0,0,0.5
802.7,1,1,0,0,0,0,0.5
805.3,1,1,1,0,0,0,0.5
808.0,1,1,1,1,0,0,0.5
810.7,1,1,1,1,1,0,0.5
813.3,1,1,1,1,1,1,0.5
816.0,0,1,1,1,1,1,0.5
818.7,0,0,1,1,1,1,0.5
821.3,0,0,0,1,1,1,0.5
824.0,0,0,0,0,1,1,0.5
826.7,0,0,0,0,0,1,0.5
829.3,1,0,1,0,0,1,0.5
832.0,0,1,0,1,0,1,0.5
834.7,0,0,1,0,1,1,0.5
837.3,1,0,0,1,0,1,0.5
840.0,0,1,0,0,1,1,0.5
842.7,0,0,1,1,0,1,0.5
845.3,1,0,0,0,1,1,0.5
848.0,0,1,1,0,0,1,0.5
850.7,0,0,0,1,1,1,0.5
853.3,1,1,0,0,0,1,0.5
856.0,0,0,0,1,1,0,0.5
858.7,0,1,1,0,0,0,0.5
861.3,1,0,0,0,1,0,0.5
864.0,0,0,1,1,0,0,0.5
866.7,0,1,0,0,1,0,0.5
869.3,1,0,0,1,0,0,0.5
872.0,0,0,1,0,1,0,0.5
874.7,0,1,0,1,0,0,0.5
877.3,1,0,1,0,0,0,0.5
880.0,1,0,0,0,0,0,0.5
882.7,1,1,0,0,0,0,0.5
885.3,1,1,1,0,0,0,0.5
888.0,1,1,1,1,0,0,0.5
890.7,1,1,1,1,1,0,0.5
893.3,1,1,1,1,1,1,0.5
896.0,0,1,1,1,1,1,0.5
898.7,0,0,1,1,1,1,0.5
901.3,0,0,0,1,1,1,0.5
904.0,0,0,0,0,1,1,0.5
906.7,0,0,0,0,0,1,0.5
909.3,1,0,1,0,0,1,0.5
912.0,0,1,0,1,0,1,0.5
914.7,0,0,1,0,1,1,0.5
917.3,1,0,0,1,0,1,0.5
920.0,0,1,0,0,1,1,0.5
922.7,0,0,1,1,0,1,0.5
925.3,1,0,0,0,1,1,0.5
928.0,0,1,1,0,0,1,0.5
930.7,0,0,0,1,1,1,0.5
933.3,1,1,0,0,0,1,0.5
936.0,0,0,0,1,1,0,0.5
938.7,0,1,1,0,0,0,0.5
941.3,1,0,0,0,1,0,0.5
944.0,0,0,1,1,0,0,0.5
946.7,0,1,0,0,1,0,0.5
949.3,1,0,0,1,0,0,0.5
952.0,0,0,1,0,1,0,0.5
954.7,0,1,0,1,0,0,0.5
957.3,1,0,1,0,0,0,0.5
960.0,1,0,0,0,0,0,0.5
962.7,1,1,0,0,0,0,0.5
965.3,1,1,1,0,0,0,0.5
968.0,1,1,1,1,0,0,0.5
970.7,1,1,1,1,1,0,0.5
973.3,1,1,1,1,1,1,0.5
976.0,0,1,1,1,1,1,0.5
978.7,0,0,1,1,1,1,0.5
981.3,0,0,0,1,1,1,0.5
984.0,0,0,0,0,1,1,0.5
986.7,0,0,0,0,0,1,0.5
989.3,1,0,1,0,0,1,0.5
992.0,0,1,0,1,0,1,0.5
994.7,0,0,1,0,1,1,0.5
997.3,1,0,0,1,0,1,0.5
"1,000.0",0,1,0,0,1,1,0.5
"1,002.7",0,0,1,1,0,1,0.5
"1,005.3",1,0,0,0,1,1,0.5
"1,008.0",0,1,1,0,0,1,0.5
"1,010.7",0,0,0,1,1,1,0.5
"1,013.3",1,1,0,0,0,1,0.5
"1,016.0",0,0,0,1,1,0,0.5
"1,018.7",0,1,1,0,0,0,0.5
"1,021.3",1,0,0,0,1,0,0.5
"1,024.0",0,0,1,1,0,0,0.5
"1,026.7",0,1,0,0,1,0,0.5
"1,029.3",1,0,0,1,0,0,0.5
"1,032.0",0,0,1,0,1,0,0.5
"1,034.7",0,1,0,1,0,0,0.5
"1,037.3",1,0,1,0,0,0,0.5
"1,040.0",1,0,0,0,0,0,0.5
"1,042.7",1,1,0,0,0,0,0.5
"1,045.3",1,1,1,0,0,0,0.5
"1,048.0",1,1,1,1,0,0,0.5
"1,050.7",1,1,1,1,1,0,0.5
"1,053.3",1,1,1,1,1,1,0.5
"1,056.0",0,1,1,1,1,1,0.5
"1,058.7",0,0,1,1,1,1,0.5
"1,061.3",0,0,0,1,1,1,0.5
"1,064.0",0,0,0,0,1,1,0.5
"1,066.7",0,0,0,0,0,1,0.5
"1,069.3",1,0,1,0,0,1,0.5
"1,072.0",0,1,0,1,0,1,0.5
"1,074.7",0,0,1,0,1,1,0.5
"1,077.3",1,0,0,1,0,1,0.5
"1,080.0",0,1,0,0,1,1,0.5
"1,082.7",0,0,1,1,0,1,0.5
"1,085.3",1,0,0,0,1,1,0.5
"1,088.0",0,1,1,0,0,1,0.5
"1,090.7",0,0,0,1,1,1,0.5
"1,093.3",1,1,0,0,0,1,0.5
"1,096.0",0,0,0,1,1,0,0.5
"1,098.7",0,1,1,0,0,0,0.5
"1,101.3",1,0,0,0,1,0,0.5
"1,104.0",0,0,1,1,0,0,0.5
"1,106.7",0,1,0,0,1,0,0.5
"1,109.3",1,0,0,1,0,0,0.5
"1,112.0",0,0,1,0,1,0,0.5
"1,114.7",0,1,0,1,0,0,0.5
"1,117.3",1,0,1,0,0,0,0.5
"1,120.0",1,0,0,0,0,0,0.5
"1,122.7",1,1,0,0,0,0,0.5
"1,125.3",1,1,1,0,0,0,0.5
"1,128.0",1,1,1,1,0,0,0.5
"1,130.7",1,1,1,1,1,0,0.5
"1,133.3",1,1,1,1,1,1,0.5
"1,136.0",0,1,1,1,1,1,0.5
"1,138.7",0,0,1,1,1,1,0.5
"1,141.3",0,0,0,1,1,1,0.5
"1,144.0",0,0,0,0,1,1,0.5
"1,146.7",0,0,0,0,0,1,0.5
"1,149.3",1,0,1,0,0,1,0.5
"1,152.0",0,1,0,1,0,1,0.5
"1,154.7",0,0,1,0,1,1,0.5
"1,157.3",1,0,0,1,0,1,0.5
"1,160.0",0,1,0,0,1,1,0.5
"1,162.7",0,0,1,1,0,1,0.5
"1,165.3",1,0,0,0,1,1,0.5
"1,168.0",0,1,1,0,0,1,0.5
"1,170.7",0,0,0,1,1,1,0.5
"1,173.3",1,1,0,0,0,1,0.5
"1,176.0",0,0,0,1,1,0,0.5
"1,178.7",0,1,1,0,0,0,0.5
"1,181.3",1,0,0,0,1,0,0.5
"1,184.0",0,0,1,1,0,0,0.5
"1,186.7",0,1,0,0,1,0,0.5
"1,189.3",1,0,0,1,0,0,0.5
"1,192.0",0,0,1,0,1,0,0.5
"1,194.7",0,1,0,1,0,0,0.5
"1,197.3",1,0,1,0,0,0,0.5
"1,200.0",1,0,0,0,0,0,0.5
"1,202.7",1,1,0,0,0,0,0.5
"1,205.3",1,1,1,0,0,0,0.5
"1,208.0",1,1,1,1,0,0,0.5
"1,210.7",1,1,1,1,1,0,0.5
"1,213.3",1,1,1,1,1,1,0.5
"1,216.0",0,1,1,1,1,1,0.5
"1,218.7",0,0,1,1,1,1,0.5
"1,221.3",0,0,0,1,1,1,0.5
"1,224.0",0,0,0,0,1,1,0.5
"1,226.7",0,0,0,0,0,1,0.5
"1,229.3",1,0,1,0,0,1,0.5
"1,232.0",0,1,0,1,0,1,0.5
"1,234.7",0,0,1,0,1,1,0.5
"1,237.3",1,0,0,1,0,1,0.5
"1,240.0",0,1,0,0,1,1,0.5
"1,242.7",0,0,1,1,0,1,0.5
"1,245.3",1,0,0,0,1,1,0.5
"1,248.0",0,1,1,0,0,1,0.5
"1,250.7",0,0,0,1,1,1,0.5
"1,253.3",1,1,0,0,0,1,0.5
"1,256.0",0,0,0,1,1,0,0.5
"1,258.7",0,1,1,0,0,0,0.5
"1,261.3",1,0,0,0,1,0,0.5
"1,264.0",0,0,1,1,0,0,0.5
"1,266.7",0,1,0,0,1,0,0.5
"1,269.3",1,0,0,1,0,0,0.5
"1,272.0",0,0,1,0,1,0,0.5
"1,274.7",0,1,0,1,0,0,0.5
"1,277.3",1,0,1,0,0,0,0.5
"1,280.0",1,0,0,0,0,0,0.5
"1,282.7",1,1,0,0,0,0,0.5
"1,285.3",1,1,1,0,0,0,0.5
"1,288.0",1,1,1,1,0,0,0.5
"1,290.7",1,1,1,1,1,0,0.5
"1,293.3",1,1,1,1,1,1,0.5
"1,296.0",0,1,1,1,1,1,0.5
"1,298.7",0,0,1,1,1,1,0.5
"1,301.3",0,0,0,1,1,1,0.5
"1,304.0",0,0,0,0,1,1,0.5
"1,306.7",0,0,0,0,0,1,0.5
"1,309.3",1,0,1,0,0,1,0.5
"1,312.0",0,1,0,1,0,1,0.5
"1,314.7",0,0,1,0,1,1,0.5
"1,317.3",1,0,0,1,0,1,0.5
"1,320.0",0,1,0,0,1,1,0.5
"1,322.7",0,0,1,1,0,1,0.5
"1,325.3",1,0,0,0,1,1,0.5
"1,328.0",0,1,1,0,0,1,0.5
"1,330.7",0,0,0,1,1,1,0.5
"1,333.3",1,1,0,0,0,1,0.5
"1,336.0",0,0,0,1,1,0,0.5
"1,338.7",0,1,1,0,0,0,0.5
"1,341.3",1,0,0,0,1,0,0.5
"1,344.0",0,0,1,1,0,0,0.5
"1,346.7",0,1,0,0,1,0,0.5
"1,349.3",1,0,0,1,0,0,0.5
"1,352.0",0,0,1,0,1,0,0.5
"1,354.7",0,1,0,1,0,0,0.5
"1,357.3",1,0,1,0,0,0,0.5
"1,360.0",1,0,0,0,0,0,0.5
"1,362.7",1,1,0,0,0,0,0.5
"1,365.3",1,1,1,0,0,0,0.5
"1,368.0",1,1,1,1,0,0,0.5
"1,370.7",1,1,1,1,1,0,0.5
"1,373.3",1,1,1,1,1,1,0.5
"1,376.0",0,1,1,1,1,1,0.5
"1,378.7",0,0,1,1,1,1,0.5
"1,381.3",0,0,0,1,1,1,0.5
"1,384.0",0,0,0,0,1,1,0.5
"1,386.7",0,0,0,0,0,1,0.5
"1,389.3",1,0,1,0,0,1,0.5
"1,392.0",0,1,0,1,0,1,0.5
"1,394.7",0,0,1,0,1,1,0.5
"1,397.3",1,0,0,1,0,1,0.5
"1,400.0",0,1,0,0,1,1,0.5
"1,402.7",0,0,1,1,0,1,0.5
"1,405.3",1,0,0,0,1,1,0.5
"1,408.0",0,1,1,0,0,1,0.5
"1,410.7",0,0,0,1,1,1,0.5
"1,413.3",1,1,0,0,0,1,0.5
"1,416.0",0,0,0,1,1,0,0.5
"1,418.7",0,1,1,0,0,0,0.5
"1,421.3",1,0,0,0,1,0,0.5
"1,424.0",0,0,1,1,0,0,0.5
"1,426.7",0,1,0,0,1,0,0.5
"1,429.3",1,0,0,1,0,0,0.5
"1,432.0",0,0,1,0,1,0,0.5
"1,434.7",0,1,0,1,0,0,0.5
"1,437.3",1,0,1,0,0,0,0.5
"1,440.0",1,0,0,0,0,0,0.5
"1,442.7",1,1,0,0,0,0,0.5
"1,445.3",1,1,1,0,0,0,0.5
"1,448.0",1,1,1,1,0,0,0.5
"1,450.7",1,1,1,1,1,0,0.5
"1,453.3",1,1,1,1,1,1,0.5
"1,456.0",0,1,1,1,1,1,0.5
"1,458.7",0,0,1,1,1,1,0.5
"1,461.3",0,0,0,1,1,1,0.5
"1,464.0",0,0,0,0,1,1,0.5
"1,466.7",0,0,0,0,0,1,0.5
"1,469.3",1,0,1,0,0,1,0.5
"1,472.0",0,1,0,1,0,1,0.5
"1,474.7",0,0,1,0,1,1,0.5
"1,477.3",1,0,0,1,0,1,0.5
"1,480.0",0,1,0,0,1,1,0.5
"1,482.7",0,0,1,1,0,1,0.5
"1,485.3",1,0,0,0,1,1,0.5
"1,488.0",0,1,1,0,0,1,0.5
"1,490.7",0,0,0,1,1,1,0.5
"1,493.3",1,1,0,0,0,1,0.5
"1,496.0",0,0,0,1,1,0,0.5
"1,498.7",0,1,1,0,0,0,0.5
"1,501.3",1,0,0,0,1,0,0.5
"1,504.0",0,0,1,1,0,0,0.5
"1,506.7",0,1,0,0,1,0,0.5
"1,509.3",1,0,0,1,0,0,0.5
"1,512.0",0,0,1,0,1,0,0.5
"1,514.7",0,1,0,1,0,0,0.5
"1,517.3",1,0,1,0,0,0,0.5
"1,520.0",1,0,0,0,0,0,0.5
"1,522.7",1,1,0,0,0,0,0.5
"1,525.3",1,1,1,0,0,0,0.5
"1,528.0",1,1,1,1,0,0,0.5
"1,530.7",1,1,1,1,1,0,0.5
"1,533.3",1,1,1,1,1,1,0.5
"1,536.0",0,1,1,1,1,1,0.5
"1,538.7",0,0,1,1,1,1,0.5
"1,541.3",0,0,0,1,1,1,0.5
"1,544.0",0,0,0,0,1,1,0.5
"1,546.7",0,0,0,0,0,1,0.5
"1,549.3",1,0,1,0,0,1,0.5
"1,552.0",0,1,0,1,0,1,0.5
"1,554.7",0,0,1,0,1,1,0.5
"1,557.3",1,0,0,1,0,1,0.5
"1,560.0",0,1,0,0,1,1,0.5
"1,562.7",0,0,1,1,0,1,0.5
"1,565.3",1,0,0,0,1,1,0.5
"1,568.0",0,1,1,0,0,1,0.5
"1,570.7",0,0,0,1,1,1,0.5
"1,573.3",1,1,0,0,0,1,0.5
"1,576.0",0,0,0,1,1,0,0.5
"1,578.7",0,1,1,0,0,0,0.5
"1,581.3",1,0,0,0,1,0,0.5
"1,584.0",0,0,1,1,0,0,0.5
"1,586.7",0,1,0,0,1,0,0.5
"1,589.3",1,0,0,1,0,0,0.5
"1,592.0",0,0,1,0,1,0,0.5
"1,594.7",0,1,0,1,0,0,0.5
"1,597.3",1,0,1,0,0,0,0.5
"1,600.0",1,0,0,0,0,0,0.5
"1,602.7",1,1,0,0,0,0,0.5
"1,605.3",1,1,1,0,0,0,0.5
"1,608.0",1,1,1,1,0,0,0.5
"1,610.7",1,1,1,1,1,0,0.5
"1,613.3",1,1,1,1,1,1,0.5
"1,616.0",0,1,1,1,1,1,0.5
"1,618.7",0,0,1,1,1,1,0.5
"1,621.3",0,0,0,1,1,1,0.5
"1,624.0",0,0,0,0,1,1,0.5
"1,626.7",0,0,0,0,0,1,0.5
"1,629.3",1,0,1,0,0,1,0.5
"1,632.0",0,1,0,1,0,1,0.5
"1,634.7",0,0,1,0,1,1,0.5
"1,637.3",1,0,0,1,0,1,0.5
"1,640.0",0,1,0,0,1,1,0.5
"1,642.7",0,0,1,1,0,1,0.5
"1,645.3",1,0,0,0,1,1,0.5
"1,648.0",0,1,1,0,0,1,0.5
"1,650.7",0,0,0,1,1,1,0.5
"1,653.3",1,1,0,0,0,1,0.5
"1,656.0",0,0,0,1,1,0,0.5
"1,658.7",0,1,1,0,0,0,0.5
"1,661.3",1,0,0,0,1,0,0.5
"1,664.0",0,0,1,1,0,0,0.5
"1,666.7",0,1,0,0,1,0,0.5
"1,669.3",1,0,0,1,0,0,0.5
"1,672.0",0,0,1,0,1,0,0.5
"1,674.7",0,1,0,1,0,0,0.5
"1,677.3",1,0,1,0,0,0,0.5
"1,680.0",1,0,0,0,0,0,0.5
"1,682.7",1,1,0,0,0,0,0.5
"1,685.3",1,1,1,0,0,0,0.5
"1,688.0",1,1,1,1,0,0,0.5
"1,690.7",1,1,1,1,1,0,0.5
"1,693.3",1,1,1,1,1,1,0.5
"1,696.0",0,1,1,1,1,1,0.5
"1,698.7",0,0,1,1,1,1,0.5
"1,701.3",0,0,0,1,1,1,0.5
"1,704.0",0,0,0,0,1,1,0.5
"1,706.7",0,0,0,0,0,1,0.5
"1,709.3",1,0,1,0,0,1,0.5
"1,712.0",0,1,0,1,0,1,0.5
"1,714.7",0,0,1,0,1,1,0.5
"1,717.3",1,0,0,1,0,1,0.5
"1,720.0",0,1,0,0,1,1,0.5
"1,722.7",0,0,1,1,0,1,0.5
"1,725.3",1,0,0,0,1,1,0.5
"1,728.0",0,1,1,0,0,1,0.5
"1,730.7",0,0,0,1,1,1,0.5
"1,733.3",1,1,0,0,0,1,0.5
"1,736.0",0,0,0,1,1,0,0.5
"1,738.7",0,1,1,0,0,0,0.5
"1,741.3",1,0,0,0,1,0,0.5
"1,744.0",0,0,1,1,0,0,0.5
"1,746.7",0,1,0,0,1,0,0.5
"1,749.3",1,0,0,1,0,0,0.5
"1,752.0",0,0,1,0,1,0,0.5
"1,754.7",0,1,0,1,0,0,0.5
"1,757.3",1,0,1,0,0,0,0.5
"1,760.0",1,0,0,0,0,0,0.5
"1,762.7",1,1,0,0,0,0,0.5
"1,765.3",1,1,1,0,0,0,0.5
"1,768.0",1,1,1,1,0,0,0.5
"1,770.7",1,1,1,1,1,0,0.5
"1,773.3",1,1,1,1,1,1,0.5
"1,776.0",0,1,1,1,1,1,0.5
"1,778.7",0,0,1,1,1,1,0.5
"1,781.3",0,0,0,1,1,1,0.5
"1,784.0",0,0,0,0,1,1,0.5
"1,786.7",0,0,0,0,0,1,0.5
"1,789.3",1,0,1,0,0,1,0.5
"1,792.0",0,1,0,1,0,1,0.5
"1,794.7",0,0,1,0,1,1,0.5
"1,797.3",1,0,0,1,0,1,0.5
"1,800.0",0,1,0,0,1,1,0.5
"1,802.7",0,0,1,1,0,1,0.5
"1,805.3",1,0,0,0,1,1,0.5
"1,808.0",0,1,1,0,0,1,0.5
"1,810.7",0,0,0,1,1,1,0.5
"1,813.3",1,1,0,0,0,1,0.5
"1,816.0",0,0,0,1,1,0,0.5
"1,818.7",0,1,1,0,0,0,0.5
"1,821.3",1,0,0,0,1,0,0.5
"1,824.0",0,0,1,1,0,0,0.5
"1,826.7",0,1,0,0,1,0,0.5
"1,829.3",1,0,0,1,0,0,0.5
"1,832.0",0,0,1,0,1,0,0.5
"1,834.7",0,1,0,1,0,0,0.5
"1,837.3",1,0,1,0,0,0,0.5
"1,840.0",1,0,0,0,0,0,0.5
"1,842.7",1,1,0,0,0,0,0.5
"1,845.3",1,1,1,0,0,0,0.5
"1,848.0",1,1,1,1,0,0,0.5
"1,850.7",1,1,1,1,1,0,0.5
"1,853.3",1,1,1,1,1,1,0.5
"1,856.0",0,1,1,1,1,1,0.5
"1,858.7",0,0,1,1,1,1,0.5
"1,861.3",0,0,0,1,1,1,0.5
"1,864.0",0,0,0,0,1,1,0.5
"1,866.7",0,0,0,0,0,1,0.5
"1,869.3",1,0,1,0,0,1,0.5
"1,872.0",0,1,0,1,0,1,0.5
"1,874.7",0,0,1,0,1,1,0.5
"1,877.3",1,0,0,1,0,1,0.5
"1,880.0",0,1,0,0,1,1,0.5
"1,882.7",0,0,1,1,0,1,0.5
"1,885.3",1,0,0,0,1,1,0.5
"1,888.0",0,1,1,0,0,1,0.5
"1,890.7",0,0,0,1,1,1,0.5
"1,893.3",1,1,0,0,0,1,0.5
"1,896.0",0,0,0,1,1,0,0.5
"1,898.7",0,1,1,0,0,0,0.5
"1,901.3",1,0,0,0,1,0,0.5
"1,904.0",0,0,1,1,0,0,0.5
"1,906.7",0,1,0,0,1,0,0.5
"1,909.3",1,0,0,1,0,0,0.5
"1,912.0",0,0,1,0,1,0,0.5
"1,914.7",0,1,0,1,0,0,0.5
"1,917.3",1,0,1,0,0,0,0.5
"1,920.0",1,0,0,0,0,0,0.5
"1,922.7",1,1,0,0,0,0,0.5
"1,925.3",1,1,1,0,0,0,0.5
"1,928.0",1,1,1,1,0,0,0.5
"1,930.7",1,1,1,1,1,0,0.5
"1,933.3",1,1,1,1,1,1,0.5
"1,936.0",0,1,1,1,1,1,0.5
"1,938.7",0,0,1,1,1,1,0.5
"1,941.3",0,0,0,1,1,1,0.5
"1,944.0",0,0,0,0,1,1,0.5
"1,946.7",0,0,0,0,0,1,0.5
"1,949.3",1,0,1,0,0,1,0.5
"1,952.0",0,1,0,1,0,1,0.5
"1,954.7",0,0,1,0,1,1,0.5
"1,957.3",1,0,0,1,0,1,0.5
"1,960.0",0,1,0,0,1,1,0.5
"1,962.7",0,0,1,1,0,1,0.5
"1,965.3",1,0,0,0,1,1,0.5
"1,968.0",0,1,1,0,0,1,0.5
"1,970.7",0,0,0,1,1,1,0.5
"1,973.3",1,1,0,0,0,1,0.5
"1,976.0",0,0,0,1,1,0,0.5
"1,978.7",0,1,1,0,0,0,0.5
"1,981.3",1,0,0,0,1,0,0.5
"1,984.0",0,0,1,1,0,0,0.5
"1,986.7",0,1,0,0,1,0,0.5
"1,989.3",1,0,0,1,0,0,0.5
"1,992.0",0,0,1,0,1,0,0.5
"1,994.7",0,1,0,1,0,0,0.5
"1,997.3",1,0,1,0,0,0,0.5
"2,000.0",1,0,0,0,0,0,0.5
"2,002.7",1,1,0,0,0,0,0.5
"2,005.3",1,1,1,0,0,0,0.5
"2,008.0",1,1,1,1,0,0,0.5
"2,010.7",1,1,1,1,1,0,0.5
"2,013.3",1,1,1,1,1,1,0.5
"2,016.0",0,1,1,1,1,1,0.5
"2,018.7",0,0,1,1,1,1,0.5
"2,021.3",0,0,0,1,1,1,0.5
"2,024.0",0,0,0,0,1,1,0.5
"2,026.7",0,0,0,0,0,1,0.5
"2,029.3",1,0,1,0,0,1,0.5
"2,032.0",0,1,0,1,0,1,0.5
"2,034.7",0,0,1,0,1,1,0.5
"2,037.3",1,0,0,1,0,1,0.5
"2,040.0",0,1,0,0,1,1,0.5
"2,042.7",0,0,1,1,0,1,0.5
"2,045.3",1,0,0,0,1,1,0.5
"2,048.0",0,1,1,0,0,1,0.5
"2,050.7",0,0,0,1,1,1,0.5
"2,053.3",1,1,0,0,0,1,0.5
"2,056.0",0,0,0,1,1,0,0.5
"2,058.7",0,1,1,0,0,0,0.5
"2,061.3",1,0,0,0,1,0,0.5
"2,064.0",0,0,1,1,0,0,0.5
"2,066.7",0,1,0,0,1,0,0.5
"2,069.3",1,0,0,1,0,0,0.5
"2,072.0",0,0,1,0,1,0,0.5
"2,074.7",0,1,0,1,0,0,0.5
"2,077.3",1,0,1,0,0,0,0.5
"2,080.0",1,0,0,0,0,0,0.5
"2,082.7",1,1,0,0,0,0,0.5
"2,085.3",1,1,1,0,0,0,0.5
"2,088.0",1,1,1,1,0,0,0.5
"2,090.7",1,1,1,1,1,0,0.5
"2,093.3",1,1,1,1,1,1,0.5
"2,096.0",0,1,1,1,1,1,0.5
"2,098.7",0,0,1,1,1,1,0.5
"2,101.3",0,0,0,1,1,1,0.5
"2,104.0",0,0,0,0,1,1,0.5
"2,106.7",0,0,0,0,0,1,0.5
"2,109.3",1,0,1,0,0,1,0.5
"2,112.0",0,1,0,1,0,1,0.5
"2,114.7",0,0,1,0,1,1,0.5
"2,117.3",1,0,0,1,0,1,0.5
"2,120.0",0,1,0,0,1,1,0.5
"2,122.7",0,0,1,1,0,1,0.5
"2,125.3",1,0,0,0,1,1,0.5
"2,128.0",0,1,1,0,0,1,0.5
"2,130.7",0,0,0,1,1,1,0.5
"2,133.3",1,1,0,0,0,1,0.5
"2,136.0",0,0,0,1,1,0,0.5
"2,138.7",0,1,1,0,0,0,0.5
"2,141.3",1,0,0,0,1,0,0.5
"2,144.0",0,0,1,1,0,0,0.5
"2,146.7",0,1,0,0,1,0,0.5
"2,149.3",1,0,0,1,0,0,0.5
"2,152.0",0,0,1,0,1,0,0.5
"2,154.7",0,1,0,1,0,0,0.5
"2,157.3",1,0,1,0,0,0,0.5
"2,160.0",1,0,0,0,0,0,0.5
"2,162.7",1,1,0,0,0,0,0.5
"2,165.3",1,1,1,0,0,0,0.5
"2,168.0",1,1,1,1,0,0,0.5
"2,170.7",1,1,1,1,1,0,0.5
"2,173.3",1,1,1,1,1,1,0.5
"2,176.0",0,1,1,1,1,1,0.5
"2,178.7",0,0,1,1,1,1,0.5
"2,181.3",0,0,0,1,1,1,0.5
"2,184.0",0,0,0,0,1,1,0.5
"2,186.7",0,0,0,0,0,1,0.5
"2,189.3",1,0,1,0,0,1,0.5
"2,192.0",0,1,0,1,0,1,0.5
"2,194.7",0,0,1,0,1,1,0.5
"2,197.3",1,0,0,1,0,1,0.5
"2,200.0",0,1,0,0,1,1,0.5
"2,202.7",0,0,1,1,0,1,0.5
"2,205.3",1,0,0,0,1,1,0.5
"2,208.0",0,1,1,0,0,1,0.5
"2,210.7",0,0,0,1,1,1,0.5
"2,213.3",1,1,0,0,0,1,0.5
"2,216.0",0,0,0,1,1,0,0.5
"2,218.7",0,1,1,0,0,0,0.5
"2,221.3",1,0,0,0,1,0,0.5
"2,224.0",0,0,1,1,0,0,0.5
"2,226.7",0,1,0,0,1,0,0.5
"2,229.3",1,0,0,1,0,0,0.5
"2,232.0",0,0,1,0,1,0,0.5
"2,234.7",0,1,0,1,0,0,0.5
"2,237.3",1,0,1,0,0,0,0.5
"2,240.0",1,0,0,0,0,0,0.5
"2,242.7",1,1,0,0,0,0,0.5
"2,245.3",1,1,1,0,0,0,0.5
"2,248.0",1,1,1,1,0,0,0.5
"2,250.7",1,1,1,1,1,0,0.5
"2,253.3",1,1,1,1,1,1,0.5
"2,256.0",0,1,1,1,1,1,0.5
"2,258.7",0,0,1,1,1,1,0.5
"2,261.3",0,0,0,1,1,1,0.5
"2,264.0",0,0,0,0,1,1,0.5
"2,266.7",0,0,0,0,0,1,0.5
"2,269.3",1,0,1,0,0,1,0.5
"2,272.0",0,1,0,1,0,1,0.5
"2,274.7",0,0,1,0,1,1,0.5
"2,277.3",1,0,0,1,0,1,0.5
"2,280.0",0,1,0,0,1,1,0.5
"2,282.7",0,0,1,1,0,1,0.5
"2,285.3",1,0,0,0,1,1,0.5
"2,288.0",0,1,1,0,0,1,0.5
"2,290.7",0,0,0,1,1,1,0.5
"2,293.3",1,1,0,0,0,1,0.5
"2,296.0",0,0,0,1,1,0,0.5
"2,298.7",0,1,1,0,0,0,0.5
"2,301.3",1,0,0,0,1,0,0.5
"2,304.0",0,0,1,1,0,0,0.5
"2,306.7",0,1,0,0,1,0,0.5
"2,309.3",1,0,0,1,0,0,0.5
"2,312.0",0,0,1,0,1,0,0.5
"2,314.7",0,1,0,1,0,0,0.5
"2,317.3",1,0,1,0,0,0,0.5
"2,320.0",1,0,0,0,0,0,0.5
"2,322.7",1,1,0,0,0,0,0.5
"2,325.3",1,1,1,0,0,0,0.5
"2,328.0",1,1,1,1,0,0,0.5
"2,330.7",1,1,1,1,1,0,0.5
"2,333.3",1,1,1,1,1,1,0.5
"2,336.0",0,1,1,1,1,1,0.5
"2,338.7",0,0,1,1,1,1,0.5
"2,341.3",0,0,0,1,1,1,0.5
"2,344.0",0,0,0,0,1,1,0.5
"2,346.7",0,0,0,0,0,1,0.5
"2,349.3",1,0,1,0,0,1,0.5
"2,352.0",0,1,0,1,0,1,0.5
"2,354.7",0,0,1,0,1,1,0.5
"2,357.3",1,0,0,1,0,1,0.5
"2,360.0",0,1,0,0,1,1,0.5
"2,362.7",0,0,1,1,0,1,0.5
"2,365.3",1,0,0,0,1,1,0.5
"2,368.0",0,1,1,0,0,1,0.5
"2,370.7",0,0,0,1,1,1,0.5
"2,373.3",1,1,0,0,0,1,0.5
"2,376.0",0,0,0,1,1,0,0.5
"2,378.7",0,1,1,0,0,0,0.5
"2,381.3",1,0,0,0,1,0,0.5
"2,384.0",0,0,1,1,0,0,0.5
"2,386.7",0,1,0,0,1,0,0.5
"2,389.3",1,0,0,1,0,0,0.5
"2,392.0",0,0,1,0,1,0,0.5
"2,394.7",0,1,0,1,0,0,0.5
"2,397.3",1,0,1,0,0,0,0.5
"2,400.0",END,,,,,,